DisplayName,CompanyName,Active
Customer Test001,Test Company001,true
Customer Test002,Test Company001,true
Customer Test003,Test Company001,true
Customer Test004,Test Company001,true
Customer Test005,Test Company001,true
Customer Test006,Test Company002,true
Customer Test007,Test Company002,true
Customer Test008,Test Company002,true
Customer Test009,Test Company002,true
Customer Test010,Test Company002,true
Customer Test011,Test Company003,true
Customer Test012,Test Company003,true
Customer Test013,Test Company003,true
Customer Test014,Test Company003,true
Customer Test015,Test Company003,true
