DisplayName,Active,CompanyName
Vendor Test001,true,Vendor Company001
Vendor Test002,true,Vendor Company002
Vendor Test003,true,Vendor Company003
Vendor Test004,true,Vendor Company004
Vendor Test005,true,Vendor Company005
Vendor Test006,true,Vendor Company006
Vendor Test007,true,Vendor Company007
Vendor Test008,true,Vendor Company008
Vendor Test009,true,Vendor Company009
Vendor Test010,true,Vendor Company010
Vendor Test011,true,Vendor Company011
Vendor Test012,true,Vendor Company012
Vendor Test013,true,Vendor Company012
Vendor Test014,true,Vendor Company014
Vendor Test015,true,Vendor Company015
